,section,weight,lit,inline_comment,group_comment,op1,id1,n1,op2,id2,n2,op3,id3,n3
0,ENERGY,1.0,47.9159,,Restraint ZnH_bond in HZnSH,+,HZnSH_ZnHbond_253,1.0,-,HZnSH_std,1.0,,,
1,ENERGY,5.0,44.8035,,Restraint ZnH_bond in HZnSH,+,HZnSH_ZnHbond_243,1.0,-,HZnSH_std,1.0,,,
2,ENERGY,5.0,37.4555,,Restraint ZnH_bond in HZnSH,+,HZnSH_ZnHbond_233,1.0,-,HZnSH_std,1.0,,,
3,ENERGY,5.0,31.8582,,Restraint ZnH_bond in HZnSH,+,HZnSH_ZnHbond_223,1.0,-,HZnSH_std,1.0,,,
4,ENERGY,2.0,26.104,,Restraint ZnH_bond in HZnSH,+,HZnSH_ZnHbond_213,1.0,-,HZnSH_std,1.0,,,
5,ENERGY,2.0,20.2996,,Restraint ZnH_bond in HZnSH,+,HZnSH_ZnHbond_203,1.0,-,HZnSH_std,1.0,,,
6,ENERGY,2.0,14.6145,,Restraint ZnH_bond in HZnSH,+,HZnSH_ZnHbond_193,1.0,-,HZnSH_std,1.0,,,
7,ENERGY,1.0,9.2995,,Restraint ZnH_bond in HZnSH,+,HZnSH_ZnHbond_183,1.0,-,HZnSH_std,1.0,,,
8,ENERGY,0.5,4.7,,Restraint ZnH_bond in HZnSH,+,HZnSH_ZnHbond_173,1.0,-,HZnSH_std,1.0,,,
9,ENERGY,0.5,1.368,,Restraint ZnH_bond in HZnSH,+,HZnSH_ZnHbond_163,1.0,-,HZnSH_std,1.0,,,
10,ENERGY,0.5,1.826,,Restraint ZnH_bond in HZnSH,+,HZnSH_ZnHbond_143,1.0,-,HZnSH_std,1.0,,,
11,ENERGY,1.0,8.5277,,Restraint ZnH_bond in HZnSH,+,HZnSH_ZnHbond_133,1.0,-,HZnSH_std,1.0,,,
12,ENERGY,2.0,22.6779,,Restraint ZnH_bond in HZnSH,+,HZnSH_ZnHbond_123,1.0,-,HZnSH_std,1.0,,,
13,ENERGY,5.0,48.1795,,Restraint ZnH_bond in HZnSH,+,HZnSH_ZnHbond_113,1.0,-,HZnSH_std,1.0,,,
14,ENERGY,10.0,91.0252,,Restraint ZnH_bond in HZnSH,+,HZnSH_ZnHbond_103,1.0,-,HZnSH_std,1.0,,,
15,ENERGY,25.0,160.6149,,Restraint ZnH_bond in HZnSH,+,HZnSH_ZnHbond_093,1.0,-,HZnSH_std,1.0,,,
16,ENERGY,50.0,272.0213,,Restraint ZnH_bond in HZnSH,+,HZnSH_ZnHbond_083,1.0,-,HZnSH_std,1.0,,,
17,ENERGY,250.0,750.6092,,Restraint ZnH_bond in HZnSH,+,HZnSH_ZnHbond_073,1.0,-,HZnSH_std,1.0,,,
18,ENERGY,5.0,44.14463,,Restraint ZnS_bond in HZnSH,+,HZnSH_ZnSbond_318,1.0,-,HZnSH_std,1.0,,,
19,ENERGY,5.0,39.4635,,Restraint ZnS_bond in HZnSH,+,HZnSH_ZnSbond_308,1.0,-,HZnSH_std,1.0,,,
20,ENERGY,5.0,34.5251,,Restraint ZnS_bond in HZnSH,+,HZnSH_ZnSbond_298,1.0,-,HZnSH_std,1.0,,,
21,ENERGY,2.0,29.367,,Restraint ZnS_bond in HZnSH,+,HZnSH_ZnSbond_288,1.0,-,HZnSH_std,1.0,,,
22,ENERGY,2.0,24.0521,,Restraint ZnS_bond in HZnSH,+,HZnSH_ZnSbond_278,1.0,-,HZnSH_std,1.0,,,
23,ENERGY,2.0,18.6995,,Restraint ZnS_bond in HZnSH,+,HZnSH_ZnSbond_268,1.0,-,HZnSH_std,1.0,,,
24,ENERGY,1.0,13.4536,,Restraint ZnS_bond in HZnSH,+,HZnSH_ZnSbond_258,1.0,-,HZnSH_std,1.0,,,
25,ENERGY,1.0,8.5528,,Restraint ZnS_bond in HZnSH,+,HZnSH_ZnSbond_248,1.0,-,HZnSH_std,1.0,,,
26,ENERGY,0.5,4.3298,,Restraint ZnS_bond in HZnSH,+,HZnSH_ZnSbond_238,1.0,-,HZnSH_std,1.0,,,
27,ENERGY,0.5,1.255,,Restraint ZnS_bond in HZnSH,+,HZnSH_ZnSbond_228,1.0,-,HZnSH_std,1.0,,,
28,ENERGY,0.5,1.5499,,Restraint ZnS_bond in HZnSH,+,HZnSH_ZnSbond_208,1.0,-,HZnSH_std,1.0,,,
29,ENERGY,1.0,7.3167,,Restraint ZnS_bond in HZnSH,+,HZnSH_ZnSbond_198,1.0,-,HZnSH_std,1.0,,,
30,ENERGY,2.0,19.3521,,Restraint ZnS_bond in HZnSH,+,HZnSH_ZnSbond_188,1.0,-,HZnSH_std,1.0,,,
31,ENERGY,2.0,40.6495,,Restraint ZnS_bond in HZnSH,+,HZnSH_ZnSbond_178,1.0,-,HZnSH_std,1.0,,,
32,ENERGY,5.0,76.7426,,Restraint ZnS_bond in HZnSH,+,HZnSH_ZnSbond_168,1.0,-,HZnSH_std,1.0,,,
33,ENERGY,10.0,129.6352,,Restraint ZnS_bond in HZnSH,+,HZnSH_ZnSbond_158,1.0,-,HZnSH_std,1.0,,,
34,ENERGY,25.0,209.7544,,Restraint ZnS_bond in HZnSH,+,HZnSH_ZnSbond_148,1.0,-,HZnSH_std,1.0,,,
35,ENERGY,50.0,327.4232,,Restraint ZnS_bond in HZnSH,+,HZnSH_ZnSbond_138,1.0,-,HZnSH_std,1.0,,,
36,ENERGY,100.0,504.121,,Restraint ZnS_bond in HZnSH,+,HZnSH_ZnSbond_128,1.0,-,HZnSH_std,1.0,,,
37,ENERGY,250.0,773.6008,,Restraint ZnS_bond in HZnSH,+,HZnSH_ZnSbond_118,1.0,-,HZnSH_std,1.0,,,
38,ENERGY,0.5,0.1318,,Restraint HZnS_angle in HZnSH,+,HZnSH_HZnSangle_173,1.0,-,HZnSH_std,1.0,,,
39,ENERGY,0.5,0.5146,,Restraint HZnS_angle in HZnSH,+,HZnSH_HZnSangle_168,1.0,-,HZnSH_std,1.0,,,
40,ENERGY,0.5,1.1546,,Restraint HZnS_angle in HZnSH,+,HZnSH_HZnSangle_163,1.0,-,HZnSH_std,1.0,,,
41,ENERGY,0.5,2.0457,,Restraint HZnS_angle in HZnSH,+,HZnSH_HZnSangle_158,1.0,-,HZnSH_std,1.0,,,
42,ENERGY,0.5,3.1752,,Restraint HZnS_angle in HZnSH,+,HZnSH_HZnSangle_153,1.0,-,HZnSH_std,1.0,,,
43,ENERGY,1.0,4.5431,,Restraint HZnS_angle in HZnSH,+,HZnSH_HZnSangle_148,1.0,-,HZnSH_std,1.0,,,
44,ENERGY,1.0,6.137,,Restraint HZnS_angle in HZnSH,+,HZnSH_HZnSangle_143,1.0,-,HZnSH_std,1.0,,,
45,ENERGY,1.0,7.9504,,Restraint HZnS_angle in HZnSH,+,HZnSH_HZnSangle_138,1.0,-,HZnSH_std,1.0,,,
46,ENERGY,2.0,9.971,,Restraint HZnS_angle in HZnSH,+,HZnSH_HZnSangle_133,1.0,-,HZnSH_std,1.0,,,
47,ENERGY,2.0,12.1923,,Restraint HZnS_angle in HZnSH,+,HZnSH_HZnSangle_128,1.0,-,HZnSH_std,1.0,,,
48,ENERGY,5.0,44.3454,,Restraint ZnC_bond in  ZnCH3SH,+,CH3ZnSH_ZnCb_2948,1.0,-,CH3ZnSH_std,1.0,,,
49,ENERGY,5.0,39.8588,,Restraint ZnC_bond in  ZnCH3SH,+,CH3ZnSH_ZnCb_2848,1.0,-,CH3ZnSH_std,1.0,,,
50,ENERGY,5.0,35.0835,,Restraint ZnC_bond in  ZnCH3SH,+,CH3ZnSH_ZnCb_2748,1.0,-,CH3ZnSH_std,1.0,,,
51,ENERGY,5.0,30.0447,,Restraint ZnC_bond in  ZnCH3SH,+,CH3ZnSH_ZnCb_2648,1.0,-,CH3ZnSH_std,1.0,,,
52,ENERGY,2.0,24.78,,Restraint ZnC_bond in  ZnCH3SH,+,CH3ZnSH_ZnCb_2548,1.0,-,CH3ZnSH_std,1.0,,,
53,ENERGY,2.0,19.4149,,Restraint ZnC_bond in  ZnCH3SH,+,CH3ZnSH_ZnCb_2448,1.0,-,CH3ZnSH_std,1.0,,,
54,ENERGY,1.0,14.0874,,Restraint ZnC_bond in  ZnCH3SH,+,CH3ZnSH_ZnCb_2348,1.0,-,CH3ZnSH_std,1.0,,,
55,ENERGY,1.0,9.0423,,Restraint ZnC_bond in  ZnCH3SH,+,CH3ZnSH_ZnCb_2248,1.0,-,CH3ZnSH_std,1.0,,,
56,ENERGY,0.5,4.6309,,Restraint ZnC_bond in  ZnCH3SH,+,CH3ZnSH_ZnCb_2148,1.0,-,CH3ZnSH_std,1.0,,,
57,ENERGY,0.5,1.3679,,Restraint ZnC_bond in  ZnCH3SH,+,CH3ZnSH_ZnCb_2048,1.0,-,CH3ZnSH_std,1.0,,,
58,ENERGY,0.5,1.6629,,Restraint ZnC_bond in  ZnCH3SH,+,CH3ZnSH_ZnCb_1848,1.0,-,CH3ZnSH_std,1.0,,,
59,ENERGY,1.0,8.032,,Restraint ZnC_bond in  ZnCH3SH,+,CH3ZnSH_ZnCb_1748,1.0,-,CH3ZnSH_std,1.0,,,
60,ENERGY,2.0,21.6111,,Restraint ZnC_bond in  ZnCH3SH,+,CH3ZnSH_ZnCb_1648,1.0,-,CH3ZnSH_std,1.0,,,
61,ENERGY,5.0,46.1589,,Restraint ZnC_bond in  ZnCH3SH,+,CH3ZnSH_ZnCb_1548,1.0,-,CH3ZnSH_std,1.0,,,
62,ENERGY,5.0,87.325,,Restraint ZnC_bond in  ZnCH3SH,+,CH3ZnSH_ZnCb_1448,1.0,-,CH3ZnSH_std,1.0,,,
63,ENERGY,15.0,153.0159,,Restraint ZnC_bond in  ZnCH3SH,+,CH3ZnSH_ZnCb_1348,1.0,-,CH3ZnSH_std,1.0,,,
64,ENERGY,30.0,255.3988,,Restraint ZnC_bond in  ZnCH3SH,+,CH3ZnSH_ZnCb_1248,1.0,-,CH3ZnSH_std,1.0,,,
65,ENERGY,50.0,411.3388,,Restraint ZnC_bond in  ZnCH3SH,+,CH3ZnSH_ZnCb_1148,1.0,-,CH3ZnSH_std,1.0,,,
66,ENERGY,5.0,42.5006,,Restraint ZnS_bond_ZnCH3SH in ZnCH3SH,+,CH3ZnSH_ZnSb_3186,1.0,-,CH3ZnSH_std,1.0,,,
67,ENERGY,5.0,38.014,,Restraint ZnS_bond_ZnCH3SH in ZnCH3SH,+,CH3ZnSH_ZnSb_3086,1.0,-,CH3ZnSH_std,1.0,,,
68,ENERGY,5.0,33.27,,Restraint ZnS_bond_ZnCH3SH in ZnCH3SH,+,CH3ZnSH_ZnSb_2986,1.0,-,CH3ZnSH_std,1.0,,,
69,ENERGY,2.0,28.3191,,Restraint ZnS_bond_ZnCH3SH in ZnCH3SH,+,CH3ZnSH_ZnSb_2886,1.0,-,CH3ZnSH_std,1.0,,,
70,ENERGY,2.0,23.2112,,Restraint ZnS_bond_ZnCH3SH in ZnCH3SH,+,CH3ZnSH_ZnSb_2786,1.0,-,CH3ZnSH_std,1.0,,,
71,ENERGY,2.0,18.0657,,Restraint ZnS_bond_ZnCH3SH in ZnCH3SH,+,CH3ZnSH_ZnSb_2686,1.0,-,CH3ZnSH_std,1.0,,,
72,ENERGY,1.0,13.0144,,Restraint ZnS_bond_ZnCH3SH in ZnCH3SH,+,CH3ZnSH_ZnSb_2586,1.0,-,CH3ZnSH_std,1.0,,,
73,ENERGY,1.0,8.283,,Restraint ZnS_bond_ZnCH3SH in ZnCH3SH,+,CH3ZnSH_ZnSb_2486,1.0,-,CH3ZnSH_std,1.0,,,
74,ENERGY,1.0,4.2042,,Restraint ZnS_bond_ZnCH3SH in ZnCH3SH,+,CH3ZnSH_ZnSb_2386,1.0,-,CH3ZnSH_std,1.0,,,
75,ENERGY,0.5,1.2236,,Restraint ZnS_bond_ZnCH3SH in ZnCH3SH,+,CH3ZnSH_ZnSb_2286,1.0,-,CH3ZnSH_std,1.0,,,
76,ENERGY,0.5,1.4872,,Restraint ZnS_bond_ZnCH3SH in ZnCH3SH,+,CH3ZnSH_ZnSb_2086,1.0,-,CH3ZnSH_std,1.0,,,
77,ENERGY,1.0,7.0656,,Restraint ZnS_bond_ZnCH3SH in ZnCH3SH,+,CH3ZnSH_ZnSb_1986,1.0,-,CH3ZnSH_std,1.0,,,
78,ENERGY,2.0,18.7246,,Restraint ZnS_bond_ZnCH3SH in ZnCH3SH,+,CH3ZnSH_ZnSb_1886,1.0,-,CH3ZnSH_std,1.0,,,
79,ENERGY,2.0,39.4007,,Restraint ZnS_bond_ZnCH3SH in ZnCH3SH,+,CH3ZnSH_ZnSb_1786,1.0,-,CH3ZnSH_std,1.0,,,
80,ENERGY,5.0,73.3045,,Restraint ZnS_bond_ZnCH3SH in ZnCH3SH,+,CH3ZnSH_ZnSb_1686,1.0,-,CH3ZnSH_std,1.0,,,
81,ENERGY,10.0,126.1652,,Restraint ZnS_bond_ZnCH3SH in ZnCH3SH,+,CH3ZnSH_ZnSb_1586,1.0,-,CH3ZnSH_std,1.0,,,
82,ENERGY,25.0,204.8788,,Restraint ZnS_bond_ZnCH3SH in ZnCH3SH,+,CH3ZnSH_ZnSb_1486,1.0,-,CH3ZnSH_std,1.0,,,
83,ENERGY,50.0,320.458,,Restraint ZnS_bond_ZnCH3SH in ZnCH3SH,+,CH3ZnSH_ZnSb_1386,1.0,-,CH3ZnSH_std,1.0,,,
84,ENERGY,100.0,493.2589,,Restraint ZnS_bond_ZnCH3SH in ZnCH3SH,+,CH3ZnSH_ZnSb_1286,1.0,-,CH3ZnSH_std,1.0,,,
85,ENERGY,250.0,571.276,,Restraint ZnS_bond_ZnCH3SH in ZnCH3SH,+,CH3ZnSH_ZnSb_1186,1.0,-,CH3ZnSH_std,1.0,,,
86,ENERGY,0.5,0.1192,,Restraint CZnS_angle in  ZnCH3SH,+,CH3ZnSH_CZnSang_173,1.0,-,CH3ZnSH_std,1.0,,,
87,ENERGY,0.5,0.4769,,Restraint CZnS_angle in  ZnCH3SH,+,CH3ZnSH_CZnSang_168,1.0,-,CH3ZnSH_std,1.0,,,
88,ENERGY,0.5,1.073,,Restraint CZnS_angle in  ZnCH3SH,+,CH3ZnSH_CZnSang_163,1.0,-,CH3ZnSH_std,1.0,,,
89,ENERGY,0.5,1.9201,,Restraint CZnS_angle in  ZnCH3SH,+,CH3ZnSH_CZnSang_158,1.0,-,CH3ZnSH_std,1.0,,,
90,ENERGY,0.5,2.9806,,Restraint CZnS_angle in  ZnCH3SH,+,CH3ZnSH_CZnSang_153,1.0,-,CH3ZnSH_std,1.0,,,
91,ENERGY,1.0,4.2858,,Restraint CZnS_angle in  ZnCH3SH,+,CH3ZnSH_CZnSang_148,1.0,-,CH3ZnSH_std,1.0,,,
92,ENERGY,1.0,5.7918,,Restraint CZnS_angle in  ZnCH3SH,+,CH3ZnSH_CZnSang_143,1.0,-,CH3ZnSH_std,1.0,,,
93,ENERGY,1.0,7.5112,,Restraint CZnS_angle in  ZnCH3SH,+,CH3ZnSH_CZnSang_138,1.0,-,CH3ZnSH_std,1.0,,,
94,ENERGY,2.0,9.4251,,Restraint CZnS_angle in  ZnCH3SH,+,CH3ZnSH_CZnSang_133,1.0,-,CH3ZnSH_std,1.0,,,
95,ENERGY,2.0,11.5648,,Restraint CZnS_angle in  ZnCH3SH,+,CH3ZnSH_CZnSang_128,1.0,-,CH3ZnSH_std,1.0,,,
96,ENERGY,5.0,59.5121,,Scan ZnO bond in ZnSHOH,+,OHZnSH_ZnObond_2797,1.0,-,OHZnSH_std,1.0,,,
97,ENERGY,5.0,53.9399,,Scan ZnO bond in ZnSHOH,+,OHZnSH_ZnObond_2697,1.0,-,OHZnSH_std,1.0,,,
98,ENERGY,5.0,47.9347,,Scan ZnO bond in ZnSHOH,+,OHZnSH_ZnObond_2597,1.0,-,OHZnSH_std,1.0,,,
99,ENERGY,5.0,41.5091,,Scan ZnO bond in ZnSHOH,+,OHZnSH_ZnObond_2497,1.0,-,OHZnSH_std,1.0,,,
100,ENERGY,2.0,34.7008,,Scan ZnO bond in ZnSHOH,+,OHZnSH_ZnObond_2397,1.0,-,OHZnSH_std,1.0,,,
101,ENERGY,2.0,27.6288,,Scan ZnO bond in ZnSHOH,+,OHZnSH_ZnObond_2297,1.0,-,OHZnSH_std,1.0,,,
102,ENERGY,2.0,20.4691,,Scan ZnO bond in ZnSHOH,+,OHZnSH_ZnObond_2197,1.0,-,OHZnSH_std,1.0,,,
103,ENERGY,2.0,13.4975,,Scan ZnO bond in ZnSHOH,+,OHZnSH_ZnObond_2097,1.0,-,OHZnSH_std,1.0,,,
104,ENERGY,1.0,7.1849,,Scan ZnO bond in ZnSHOH,+,OHZnSH_ZnObond_1997,1.0,-,OHZnSH_std,1.0,,,
105,ENERGY,0.5,2.2904,,Scan ZnO bond in ZnSHOH,+,OHZnSH_ZnObond_1897,1.0,-,OHZnSH_std,1.0,,,
106,ENERGY,0.5,2.2967,,Scan ZnO bond in ZnSHOH,+,OHZnSH_ZnObond_1697,1.0,-,OHZnSH_std,1.0,,,
107,ENERGY,1.0,12.161,,Scan ZnO bond in ZnSHOH,+,OHZnSH_ZnObond_1597,1.0,-,OHZnSH_std,1.0,,,
108,ENERGY,2.0,34.3494,,Scan ZnO bond in ZnSHOH,+,OHZnSH_ZnObond_1497,1.0,-,OHZnSH_std,1.0,,,
109,ENERGY,10.0,76.1471,,Scan ZnO bond in ZnSHOH,+,OHZnSH_ZnObond_1397,1.0,-,OHZnSH_std,1.0,,,
110,ENERGY,25.0,151.2212,,Scan ZnO bond in ZnSHOH,+,OHZnSH_ZnObond_1297,1.0,-,OHZnSH_std,1.0,,,
111,ENERGY,50.0,281.2769,,Scan ZnO bond in ZnSHOH,+,OHZnSH_ZnObond_1197,1.0,-,OHZnSH_std,1.0,,,
112,ENERGY,100.0,498.6994,,Scan ZnO bond in ZnSHOH,+,OHZnSH_ZnObond_1097,1.0,-,OHZnSH_std,1.0,,,
113,ENERGY,250.0,852.6658,,Scan ZnO bond in ZnSHOH,+,OHZnSH_ZnObond_0997,1.0,-,OHZnSH_std,1.0,,,
114,ENERGY,5.0,46.1777,,Scan ZnS bond in ZnSHOH,+,OHZnSH_ZnSbond_317,1.0,-,OHZnSH_std,1.0,,,
115,ENERGY,5.0,41.4087,,Scan ZnS bond in ZnSHOH,+,OHZnSH_ZnSbond_307,1.0,-,OHZnSH_std,1.0,,,
116,ENERGY,5.0,36.3574,,Scan ZnS bond in ZnSHOH,+,OHZnSH_ZnSbond_297,1.0,-,OHZnSH_std,1.0,,,
117,ENERGY,5.0,31.0613,,Scan ZnS bond in ZnSHOH,+,OHZnSH_ZnSbond_287,1.0,-,OHZnSH_std,1.0,,,
118,ENERGY,2.0,25.5832,,Scan ZnS bond in ZnSHOH,+,OHZnSH_ZnSbond_277,1.0,-,OHZnSH_std,1.0,,,
119,ENERGY,2.0,20.0298,,Scan ZnS bond in ZnSHOH,+,OHZnSH_ZnSbond_267,1.0,-,OHZnSH_std,1.0,,,
120,ENERGY,2.0,14.558,,Scan ZnS bond in ZnSHOH,+,OHZnSH_ZnSbond_257,1.0,-,OHZnSH_std,1.0,,,
121,ENERGY,2.0,9.4062,,Scan ZnS bond in ZnSHOH,+,OHZnSH_ZnSbond_247,1.0,-,OHZnSH_std,1.0,,,
122,ENERGY,1.0,4.9071,,Scan ZnS bond in ZnSHOH,+,OHZnSH_ZnSbond_237,1.0,-,OHZnSH_std,1.0,,,
123,ENERGY,0.5,1.5499,,Scan ZnS bond in ZnSHOH,+,OHZnSH_ZnSbond_227,1.0,-,OHZnSH_std,1.0,,,
124,ENERGY,0.5,1.3303,,Scan ZnS bond in ZnSHOH,+,OHZnSH_ZnSbond_207,1.0,-,OHZnSH_std,1.0,,,
125,ENERGY,1.0,6.9527,,Scan ZnS bond in ZnSHOH,+,OHZnSH_ZnSbond_197,1.0,-,OHZnSH_std,1.0,,,
126,ENERGY,2.0,19.007,,Scan ZnS bond in ZnSHOH,+,OHZnSH_ZnSbond_187,1.0,-,OHZnSH_std,1.0,,,
127,ENERGY,2.0,40.6118,,Scan ZnS bond in ZnSHOH,+,OHZnSH_ZnSbond_177,1.0,-,OHZnSH_std,1.0,,,
128,ENERGY,5.0,76.2664,,Scan ZnS bond in ZnSHOH,+,OHZnSH_ZnSbond_167,1.0,-,OHZnSH_std,1.0,,,
129,ENERGY,10.0,132.3586,,Scan ZnS bond in ZnSHOH,+,OHZnSH_ZnSbond_157,1.0,-,OHZnSH_std,1.0,,,
130,ENERGY,25.0,217.2907,,Scan ZnS bond in ZnSHOH,+,OHZnSH_ZnSbond_147,1.0,-,OHZnSH_std,1.0,,,
131,ENERGY,50.0,342.2699,,Scan ZnS bond in ZnSHOH,+,OHZnSH_ZnSbond_137,1.0,-,OHZnSH_std,1.0,,,
132,ENERGY,100.0,524.1131,,Scan ZnS bond in ZnSHOH,+,OHZnSH_ZnSbond_127,1.0,-,OHZnSH_std,1.0,,,
133,ENERGY,250.0,802.4847,,Scan ZnS bond in ZnSHOH,+,OHZnSH_ZnSbond_117,1.0,-,OHZnSH_std,1.0,,,
134,ENERGY,0.5,0.1318,,Scan OZnS angle in ZnSHOH,+,OHZnSH_OZnSang_171,1.0,-,OHZnSH_std,1.0,,,
135,ENERGY,0.5,0.5208,,Scan OZnS angle in ZnSHOH,+,OHZnSH_OZnSang_166,1.0,-,OHZnSH_std,1.0,,,
136,ENERGY,0.5,1.1671,,Scan OZnS angle in ZnSHOH,+,OHZnSH_OZnSang_161,1.0,-,OHZnSH_std,1.0,,,
137,ENERGY,0.5,2.0645,,Scan OZnS angle in ZnSHOH,+,OHZnSH_OZnSang_156,1.0,-,OHZnSH_std,1.0,,,
138,ENERGY,1.0,3.194,,Scan OZnS angle in ZnSHOH,+,OHZnSH_OZnSang_151,1.0,-,OHZnSH_std,1.0,,,
139,ENERGY,2.0,4.5557,,Scan OZnS angle in ZnSHOH,+,OHZnSH_OZnSang_146,1.0,-,OHZnSH_std,1.0,,,
140,ENERGY,2.0,6.1244,,Scan OZnS angle in ZnSHOH,+,OHZnSH_OZnSang_141,1.0,-,OHZnSH_std,1.0,,,
141,ENERGY,2.0,7.9065,,Scan OZnS angle in ZnSHOH,+,OHZnSH_OZnSang_136,1.0,-,OHZnSH_std,1.0,,,
142,ENERGY,5.0,9.8706,,Scan OZnS angle in ZnSHOH,+,OHZnSH_OZnSang_131,1.0,-,OHZnSH_std,1.0,,,
143,ENERGY,5.0,12.0229,,Scan OZnS angle in ZnSHOH,+,OHZnSH_OZnSang_126,1.0,-,OHZnSH_std,1.0,,,
144,ENERGY,5.0,44.6027,,Scan ZnS bond in ZnSH2,+,ZnSH2_ZnSbond_317,1.0,-,ZnSH2_st,1.0,,,
145,ENERGY,5.0,39.9341,,Scan ZnS bond in ZnSH2,+,ZnSH2_ZnSbond_307,1.0,-,ZnSH2_st,1.0,,,
146,ENERGY,5.0,34.8941,,Scan ZnS bond in ZnSH2,+,ZnSH2_ZnSbond_297,1.0,-,ZnSH2_st,1.0,,,
147,ENERGY,5.0,29.8063,,Scan ZnS bond in ZnSH2,+,ZnSH2_ZnSbond_287,1.0,-,ZnSH2_st,1.0,,,
148,ENERGY,2.0,24.4537,,Scan ZnS bond in ZnSH2,+,ZnSH2_ZnSbond_277,1.0,-,ZnSH2_st,1.0,,,
149,ENERGY,2.0,19.0384,,Scan ZnS bond in ZnSH2,+,ZnSH2_ZnSbond_267,1.0,-,ZnSH2_st,1.0,,,
150,ENERGY,2.0,13.7234,,Scan ZnS bond in ZnSH2,+,ZnSH2_ZnSbond_257,1.0,-,ZnSH2_st,1.0,,,
151,ENERGY,1.0,10.4353,,Scan ZnS bond in ZnSH2,+,ZnSH2_ZnSbond_247,1.0,-,ZnSH2_st,1.0,,,
152,ENERGY,1.0,8.7411,,Scan ZnS bond in ZnSH2,+,ZnSH2_ZnSbond_237,1.0,-,ZnSH2_st,1.0,,,
153,ENERGY,0.5,1.2926,,Scan ZnS bond in ZnSH2,+,ZnSH2_ZnSbond_227,1.0,-,ZnSH2_st,1.0,,,
154,ENERGY,0.5,1.5813,,Scan ZnS bond in ZnSH2,+,ZnSH2_ZnSbond_207,1.0,-,ZnSH2_st,1.0,,,
155,ENERGY,1.0,7.4986,,Scan ZnS bond in ZnSH2,+,ZnSH2_ZnSbond_197,1.0,-,ZnSH2_st,1.0,,,
156,ENERGY,1.0,19.8855,,Scan ZnS bond in ZnSH2,+,ZnSH2_ZnSbond_187,1.0,-,ZnSH2_st,1.0,,,
157,ENERGY,2.0,41.8166,,Scan ZnS bond in ZnSH2,+,ZnSH2_ZnSbond_177,1.0,-,ZnSH2_st,1.0,,,
158,ENERGY,10.0,77.7912,,Scan ZnS bond in ZnSH2,+,ZnSH2_ZnSbond_167,1.0,-,ZnSH2_st,1.0,,,
159,ENERGY,15.0,134.1281,,Scan ZnS bond in ZnSH2,+,ZnSH2_ZnSbond_157,1.0,-,ZnSH2_st,1.0,,,
160,ENERGY,25.0,219.0665,,Scan ZnS bond in ZnSH2,+,ZnSH2_ZnSbond_147,1.0,-,ZnSH2_st,1.0,,,
161,ENERGY,50.0,343.6629,,Scan ZnS bond in ZnSH2,+,ZnSH2_ZnSbond_137,1.0,-,ZnSH2_st,1.0,,,
162,ENERGY,0.5,0.1129,,Scan SZnS angle in ZnSH2,+,ZnSH2_SZnSangle_173,1.0,-,ZnSH2_st,1.0,,,
163,ENERGY,0.5,0.4518,,Scan SZnS angle in ZnSH2,+,ZnSH2_SZnSangle_168,1.0,-,ZnSH2_st,1.0,,,
164,ENERGY,0.5,1.0228,,Scan SZnS angle in ZnSH2,+,ZnSH2_SZnSangle_163,1.0,-,ZnSH2_st,1.0,,,
165,ENERGY,0.5,1.8315,,Scan SZnS angle in ZnSH2,+,ZnSH2_SZnSangle_158,1.0,-,ZnSH2_st,1.0,,,
166,ENERGY,0.5,2.8237,,Scan SZnS angle in ZnSH2,+,ZnSH2_SZnSangle_153,1.0,-,ZnSH2_st,1.0,,,
167,ENERGY,1.0,4.0411,,Scan SZnS angle in ZnSH2,+,ZnSH2_SZnSangle_148,1.0,-,ZnSH2_st,1.0,,,
168,ENERGY,1.0,5.4655,,Scan SZnS angle in ZnSH2,+,ZnSH2_SZnSangle_143,1.0,-,ZnSH2_st,1.0,,,
169,ENERGY,1.0,7.0782,,Scan SZnS angle in ZnSH2,+,ZnSH2_SZnSangle_138,1.0,-,ZnSH2_st,1.0,,,
170,ENERGY,2.0,8.8854,,Scan SZnS angle in ZnSH2,+,ZnSH2_SZnSangle_133,1.0,-,ZnSH2_st,1.0,,,
171,ENERGY,2.0,10.8683,,Scan SZnS angle in ZnSH2,+,ZnSH2_SZnSangle_128,1.0,-,ZnSH2_st,1.0,,,
172,ENERGY,10.0,59.7882,,Scan ZnO bond in  ZnCH3OH,+,CH3ZnOH_OZnbond_283,1.0,-,CH3ZnOH_std,1.0,,,
173,ENERGY,10.0,54.4607,,Scan ZnO bond in  ZnCH3OH,+,CH3ZnOH_OZnbond_273,1.0,-,CH3ZnOH_std,1.0,,,
174,ENERGY,5.0,48.7128,,Scan ZnO bond in  ZnCH3OH,+,CH3ZnOH_OZnbond_263,1.0,-,CH3ZnOH_std,1.0,,,
175,ENERGY,5.0,42.5445,,Scan ZnO bond in  ZnCH3OH,+,CH3ZnOH_OZnbond_253,1.0,-,CH3ZnOH_std,1.0,,,
176,ENERGY,5.0,35.9871,,Scan ZnO bond in  ZnCH3OH,+,CH3ZnOH_OZnbond_243,1.0,-,CH3ZnOH_std,1.0,,,
177,ENERGY,2.0,29.1474,,Scan ZnO bond in  ZnCH3OH,+,CH3ZnOH_OZnbond_233,1.0,-,CH3ZnOH_std,1.0,,,
178,ENERGY,2.0,22.157,,Scan ZnO bond in  ZnCH3OH,+,CH3ZnOH_OZnbond_223,1.0,-,CH3ZnOH_std,1.0,,,
179,ENERGY,2.0,15.2608,,Scan ZnO bond in  ZnCH3OH,+,CH3ZnOH_OZnbond_213,1.0,-,CH3ZnOH_std,1.0,,,
180,ENERGY,1.0,8.8352,,Scan ZnO bond in  ZnCH3OH,+,CH3ZnOH_OZnbond_203,1.0,-,CH3ZnOH_std,1.0,,,
181,ENERGY,0.5,3.5265,,Scan ZnO bond in  ZnCH3OH,+,CH3ZnOH_OZnbond_193,1.0,-,CH3ZnOH_std,1.0,,,
182,ENERGY,0.5,0.9099,,Scan ZnO bond in  ZnCH3OH,+,CH3ZnOH_OZnbond_173,1.0,-,CH3ZnOH_std,1.0,,,
183,ENERGY,1.0,7.8061,,Scan ZnO bond in  ZnCH3OH,+,CH3ZnOH_OZnbond_163,1.0,-,CH3ZnOH_std,1.0,,,
184,ENERGY,2.0,25.0686,,Scan ZnO bond in  ZnCH3OH,+,CH3ZnOH_OZnbond_153,1.0,-,CH3ZnOH_std,1.0,,,
185,ENERGY,5.0,58.9473,,Scan ZnO bond in  ZnCH3OH,+,CH3ZnOH_OZnbond_143,1.0,-,CH3ZnOH_std,1.0,,,
186,ENERGY,10.0,120.2667,,Scan ZnO bond in  ZnCH3OH,+,CH3ZnOH_OZnbond_133,1.0,-,CH3ZnOH_std,1.0,,,
187,ENERGY,10.0,227.9143,,Scan ZnO bond in  ZnCH3OH,+,CH3ZnOH_OZnbond_123,1.0,-,CH3ZnOH_std,1.0,,,
188,ENERGY,5.0,46.1024,,Scan ZnC bond in  ZnCH3OH,+,CH3ZnOH_CZnb_2936,1.0,-,CH3ZnOH_std,1.0,,,
189,ENERGY,5.0,41.4589,,Scan ZnC bond in  ZnCH3OH,+,CH3ZnOH_CZnb_2836,1.0,-,CH3ZnOH_std,1.0,,,
190,ENERGY,5.0,36.5079,,Scan ZnC bond in  ZnCH3OH,+,CH3ZnOH_CZnb_2736,1.0,-,CH3ZnOH_std,1.0,,,
191,ENERGY,5.0,31.2872,,Scan ZnC bond in  ZnCH3OH,+,CH3ZnOH_CZnb_2636,1.0,-,CH3ZnOH_std,1.0,,,
192,ENERGY,2.0,25.8405,,Scan ZnC bond in  ZnCH3OH,+,CH3ZnOH_CZnb_2536,1.0,-,CH3ZnOH_std,1.0,,,
193,ENERGY,2.0,20.2745,,Scan ZnC bond in  ZnCH3OH,+,CH3ZnOH_CZnb_2436,1.0,-,CH3ZnOH_std,1.0,,,
194,ENERGY,1.0,14.7525,,Scan ZnC bond in  ZnCH3OH,+,CH3ZnOH_CZnb_2336,1.0,-,CH3ZnOH_std,1.0,,,
195,ENERGY,1.0,9.5129,,Scan ZnC bond in  ZnCH3OH,+,CH3ZnOH_CZnb_2236,1.0,-,CH3ZnOH_std,1.0,,,
196,ENERGY,0.5,4.907,,Scan ZnC bond in  ZnCH3OH,+,CH3ZnOH_CZnb_2136,1.0,-,CH3ZnOH_std,1.0,,,
197,ENERGY,0.5,1.4809,,Scan ZnC bond in  ZnCH3OH,+,CH3ZnOH_CZnb_2036,1.0,-,CH3ZnOH_std,1.0,,,
198,ENERGY,0.5,1.644,,Scan ZnC bond in  ZnCH3OH,+,CH3ZnOH_CZnb_1836,1.0,-,CH3ZnOH_std,1.0,,,
199,ENERGY,1.0,8.1512,,Scan ZnC bond in  ZnCH3OH,+,CH3ZnOH_CZnb_1736,1.0,-,CH3ZnOH_std,1.0,,,
200,ENERGY,2.0,22.1507,,Scan ZnC bond in  ZnCH3OH,+,CH3ZnOH_CZnb_1636,1.0,-,CH3ZnOH_std,1.0,,,
201,ENERGY,5.0,47.5457,,Scan ZnC bond in  ZnCH3OH,+,CH3ZnOH_CZnb_1536,1.0,-,CH3ZnOH_std,1.0,,,
202,ENERGY,10.0,90.1718,,Scan ZnC bond in  ZnCH3OH,+,CH3ZnOH_CZnb_1436,1.0,-,CH3ZnOH_std,1.0,,,
203,ENERGY,30.0,158.5881,,Scan ZnC bond in  ZnCH3OH,+,CH3ZnOH_CZnb_1336,1.0,-,CH3ZnOH_std,1.0,,,
204,ENERGY,40.0,265.2694,,Scan ZnC bond in  ZnCH3OH,+,CH3ZnOH_CZnb_1236,1.0,-,CH3ZnOH_std,1.0,,,
205,ENERGY,50.0,428.0805,,Scan ZnC bond in  ZnCH3OH,+,CH3ZnOH_CZnb_1136,1.0,-,CH3ZnOH_std,1.0,,,
206,ENERGY,0.5,0.1506,,Scan CZnO angle in  ZnCH3OH,+,CH3ZnOH_CZnOang_170,1.0,-,CH3ZnOH_std,1.0,,,
207,ENERGY,0.5,0.3646,,Scan CZnO angle in  ZnCH3OH,+,CH3ZnOH_CZnOang_165,1.0,-,CH3ZnOH_std,1.0,,,
208,ENERGY,0.5,1.3366,,Scan CZnO angle in  ZnCH3OH,+,CH3ZnOH_CZnOang_160,1.0,-,CH3ZnOH_std,1.0,,,
209,ENERGY,0.5,2.3406,,Scan CZnO angle in  ZnCH3OH,+,CH3ZnOH_CZnOang_155,1.0,-,CH3ZnOH_std,1.0,,,
210,ENERGY,1.0,3.6144,,Scan CZnO angle in  ZnCH3OH,+,CH3ZnOH_CZnOang_150,1.0,-,CH3ZnOH_std,1.0,,,
211,ENERGY,1.0,5.1329,,Scan CZnO angle in  ZnCH3OH,+,CH3ZnOH_CZnOang_145,1.0,-,CH3ZnOH_std,1.0,,,
212,ENERGY,2.0,6.8774,,Scan CZnO angle in  ZnCH3OH,+,CH3ZnOH_CZnOang_140,1.0,-,CH3ZnOH_std,1.0,,,
213,ENERGY,2.0,8.8352,,Scan CZnO angle in  ZnCH3OH,+,CH3ZnOH_CZnOang_135,1.0,-,CH3ZnOH_std,1.0,,,
214,ENERGY,5.0,10.9875,,Scan CZnO angle in  ZnCH3OH,+,CH3ZnOH_CZnOang_130,1.0,-,CH3ZnOH_std,1.0,,,
215,ENERGY,5.0,13.3281,,Scan CZnO angle in  ZnCH3OH,+,CH3ZnOH_CZnOang_125,1.0,-,CH3ZnOH_std,1.0,,,
216,ENERGY,1.0,9.3309,,Volume ZnS_wurtzite_I,+,ZnS_ap20,1.0,-,ZnS_ap05,1.0,,,
217,ENERGY,1.0,4.0725,,Volume ZnS_wurtzite_I,+,ZnS_ap15,1.0,-,ZnS_ap05,1.0,,,
218,ENERGY,0.5,1.3052,,Volume ZnS_wurtzite_I,+,ZnS_ap10,1.0,-,ZnS_ap05,1.0,,,
219,ENERGY,0.5,1.9829,,Volume ZnS_wurtzite_I,+,ZnS_w_st,1.0,-,ZnS_ap05,1.0,,,
220,ENERGY,0.5,3.0183,,Volume ZnS_wurtzite_I,+,ZnS_am05,1.0,-,ZnS_ap05,1.0,,,
221,ENERGY,1.0,11.2197,,Volume ZnS_wurtzite_I,+,ZnS_am10,1.0,-,ZnS_ap05,1.0,,,
222,ENERGY,2.0,24.0333,,Volume ZnS_wurtzite_I,+,ZnS_am15,1.0,-,ZnS_ap05,1.0,,,
223,ENERGY,2.0,37.9387,,Volume ZnS_wurtzite_I,+,ZnS_am20,1.0,-,ZnS_ap05,1.0,,,
224,ENERGY,10.0,64.5076,,Volume ZnS_wurtzite_I,+,ZnS_am25,1.0,-,ZnS_ap05,1.0,,,
225,ENERGY,25.0,96.5076,,Volume ZnS_wurtzite_I,+,ZnS_am30,1.0,-,ZnS_ap05,1.0,,,
226,ENERGY,40.0,139.7819,,Volume ZnS_wurtzite_I,+,ZnS_am35,1.0,-,ZnS_ap05,1.0,,,
227,ENERGY,50.0,195.8239,,Volume ZnS_wurtzite_I,+,ZnS_am40,1.0,-,ZnS_ap05,1.0,,,
228,ENERGY,1.0,17.068,,Volume ZnS_wurtzite_II,+,ZnS_cp20,1.0,-,ZnS_cp05,1.0,,,
229,ENERGY,1.0,9.3623,,Volume ZnS_wurtzite_II,+,ZnS_cp15,1.0,-,ZnS_cp05,1.0,,,
230,ENERGY,0.5,3.3571,,Volume ZnS_wurtzite_II,+,ZnS_cp10,1.0,-,ZnS_cp05,1.0,,,
231,ENERGY,2.0,4.016,,Volume ZnS_wurtzite_II,+,ZnS_w_st,1.0,-,ZnS_cp05,1.0,,,
232,ENERGY,2.0,4.154,,Volume ZnS_wurtzite_II,+,ZnS_cm05,1.0,-,ZnS_cp05,1.0,,,
233,ENERGY,5.0,13.3469,,Volume ZnS_wurtzite_II,+,ZnS_cm10,1.0,-,ZnS_cp05,1.0,,,
234,ENERGY,5.0,28.8148,,Volume ZnS_wurtzite_II,+,ZnS_cm15,1.0,-,ZnS_cp05,1.0,,,
235,ENERGY,5.0,43.605,,Volume ZnS_wurtzite_II,+,ZnS_cm20,1.0,-,ZnS_cp05,1.0,,,
236,ENERGY,10.0,68.0273,,Volume ZnS_wurtzite_II,+,ZnS_cm25,1.0,-,ZnS_cp05,1.0,,,
237,ENERGY,20.0,112.517,,Volume ZnS_wurtzite_II,+,ZnS_cm30,1.0,-,ZnS_cp05,1.0,,,
238,ENERGY,30.0,188.7332,,Volume ZnS_wurtzite_II,+,ZnS_cm35,1.0,-,ZnS_cp05,1.0,,,
239,ENERGY,40.0,324.9007,,Volume ZnS_wurtzite_II,+,ZnS_cm40,1.0,-,ZnS_cp05,1.0,,,
240,ENERGY,2.0,12.7257,,Volume ZnOS_mixed oxide_w_I,+,ZnOS_ap20,1.0,-,ZnOS_ap05,1.0,,,
241,ENERGY,2.0,7.3229,,Volume ZnOS_mixed oxide_w_I,+,ZnOS_ap15,1.0,-,ZnOS_ap05,1.0,,,
242,ENERGY,1.0,4.2231,,Volume ZnOS_mixed oxide_w_I,+,ZnOS_ap10,1.0,-,ZnOS_ap05,1.0,,,
243,ENERGY,0.5,0.0188,,Volume ZnOS_mixed oxide_w_I,+,ZnOS_ap05,1.0,-,ZnOS_ap05,1.0,,,
244,ENERGY,0.5,1.7821,,Volume ZnOS_mixed oxide_w_I,+,ZnOS_w_st,1.0,-,ZnOS_ap05,1.0,,,
245,ENERGY,1.0,5.1957,,Volume ZnOS_mixed oxide_w_I,+,ZnOS_am10,1.0,-,ZnOS_ap05,1.0,,,
246,ENERGY,2.0,16.3589,,Volume ZnOS_mixed oxide_w_I,+,ZnOS_am15,1.0,-,ZnOS_ap05,1.0,,,
247,ENERGY,2.0,30.5153,,Volume ZnOS_mixed oxide_w_I,+,ZnOS_am20,1.0,-,ZnOS_ap05,1.0,,,
248,ENERGY,2.0,46.1338,,Volume ZnOS_mixed oxide_w_I,+,ZnOS_am25,1.0,-,ZnOS_ap05,1.0,,,
249,ENERGY,5.0,70.4369,,Volume ZnOS_mixed oxide_w_I,+,ZnOS_am30,1.0,-,ZnOS_ap05,1.0,,,
250,ENERGY,20.0,109.9882,,Volume ZnOS_mixed oxide_w_I,+,ZnOS_am35,1.0,-,ZnOS_ap05,1.0,,,
251,ENERGY,30.0,161.6252,,Volume ZnOS_mixed oxide_w_I,+,ZnOS_am40,1.0,-,ZnOS_ap05,1.0,,,
252,ENERGY,2.0,26.857,,Volume ZnOS_mixed_oxide_w_II,+,ZnOS_cp20,1.0,-,ZnOS_w_st,1.0,,,
253,ENERGY,2.0,19.2141,,Volume ZnOS_mixed_oxide_w_II,+,ZnOS_cp15,1.0,-,ZnOS_w_st,1.0,,,
254,ENERGY,1.0,13.416,,Volume ZnOS_mixed_oxide_w_II,+,ZnOS_cp10,1.0,-,ZnOS_w_st,1.0,,,
255,ENERGY,1.0,3.0421,,Volume ZnOS_mixed_oxide_w_II,+,ZnOS_cp05,1.0,-,ZnOS_w_st,1.0,,,
256,ENERGY,0.5,0.4706,,Volume ZnOS_mixed_oxide_w_II,+,ZnOS_cm05,1.0,-,ZnOS_w_st,1.0,,,
257,ENERGY,1.0,5.7542,,Volume ZnOS_mixed_oxide_w_II,+,ZnOS_cm10,1.0,-,ZnOS_w_st,1.0,,,
258,ENERGY,2.0,14.74,,Volume ZnOS_mixed_oxide_w_II,+,ZnOS_cm15,1.0,-,ZnOS_w_st,1.0,,,
259,ENERGY,2.0,29.3858,,Volume ZnOS_mixed_oxide_w_II,+,ZnOS_cm20,1.0,-,ZnOS_w_st,1.0,,,
260,ENERGY,5.0,49.7043,,Volume ZnOS_mixed_oxide_w_II,+,ZnOS_cm25,1.0,-,ZnOS_w_st,1.0,,,
261,ENERGY,10.0,77.9104,,Volume ZnOS_mixed_oxide_w_II,+,ZnOS_cm30,1.0,-,ZnOS_w_st,1.0,,,
262,ENERGY,15.0,113.4081,,Volume ZnOS_mixed_oxide_w_II,+,ZnOS_cm35,1.0,-,ZnOS_w_st,1.0,,,
263,ENERGY,25.0,131.4675,,Volume ZnOS_mixed_oxide_w_II,+,ZnOS_cm40,1.0,-,ZnOS_w_st,1.0,,,
264,ENERGY,2.0,-85.6098,,General Binding_energies,+,ZnSH2_st,1.0,-,ZnSH,1.0,-,SH,1.0
265,ENERGY,2.0,-89.4815,,General Binding_energies,+,HZnSH_std,1.0,-ZnH,/1,1.0,,,
266,ENERGY,2.0,-74.1104,,General Binding_energies,+,CH3ZnSH_std,1.0,-,ZnSH,1.0,-,CH3,1.0
267,ENERGY,2.0,-90.0525,,General Binding_energies,+,CH3ZnSH_std,1.0,-,ZnCH3,1.0,-,SH,1.0
268,ENERGY,2.0,-86.8084,,General Binding_energies,+,OHZnSH_std,1.0,-,ZnOH,1.0,-,SH,1.0
269,ENERGY,20.0,-105.903,,General Binding_energies,+,OHZnSH_std,1.0,-,ZnSH,1.0,,,
270,ENERGY,1.0,-48.9,,Heats of formation,+,ZnS_w_st,2.0,-,Zn_fcc_opt,4.0,-,S_a16_opt,128.0
271,ENERGY,10.0,-60.5524,,General Surfaces_BE,+,ZnO_surf_C,4.0,-,ZnO_surf,4.0,,,
272,ENERGY,2.0,-93.4103,,General Surfaces_BE,+,ZnO_surf_CH,4.0,-,ZnO_surf,4.0,,,
273,ENERGY,2.0,-69.8219,,General Surfaces_BE,+,ZnO_surf_CH2,4.0,-,ZnO_surf,4.0,,,
274,ENERGY,2.0,-10.7993,,General Surfaces_BE,+,ZnO_surf_CH3,4.0,-,ZnO_surf,4.0,,,
275,ENERGY,2.0,-41.9107,,General Surfaces_BE,+,ZnO_surf_S,4.0,-,ZnO_surf,4.0,,,
276,ENERGY,2.0,-38.7607,,General Surfaces_BE,+,ZnO_surf_SH,4.0,-,ZnO_surf,4.0,,,
277,ENERGY,2.0,-12.6127,,General Surfaces_BE,+,ZnO_surf_SH2,4.0,-,ZnO_surf,4.0,,,
278,ENERGY,2.5,-0.01,,,+,ZnO_surf_C,4.0,-,ZnO_surf_C_qm,4.0,,,
279,ENERGY,2.5,-0.01,,,+,ZnO_surf_CH,4.0,-,ZnO_surf_CH_qm,4.0,,,
280,ENERGY,2.5,-0.01,,,+,ZnO_surf_CH2,4.0,-,ZnO_surf_CH2_qm,4.0,,,
281,ENERGY,2.5,-0.01,,,+,ZnO_surf_CH3,4.0,-,ZnO_surf_CH3_qm,4.0,,,
282,ENERGY,2.5,-0.01,,,+,ZnO_surf_S,4.0,-,ZnO_surf_S_qm,4.0,,,
283,ENERGY,2.5,-0.01,,,+,ZnO_surf_SH,4.0,-,ZnO_surf_SH_qm,4.0,,,
284,ENERGY,2.5,-0.01,,,+,ZnO_surf_SH2,4.0,-,ZnO_surf_SH2_qm,4.0,,,
285,ENERGY,2.5,-46.0,,General Qiang_Cui_data,+,zn_sch3ch3_3,1.0,-,zn_sch3ch3_2,1.0,-,sch3ch3,1.0
286,ENERGY,2.5,-96.1,,General Qiang_Cui_data,+,zn_sch3ch3_2,1.0,-,zn_sch3ch3_1,1.0,-,sch3ch3,1.0
287,ENERGY,2.5,-207.4,,General Qiang_Cui_data,+,Zn_sch3_2,1.0,-,Zn_sch3_1_c,1.0,-,sch3_anion,1.0
288,ENERGY,2.5,-29.1,,General Qiang_Cui_data,+,Zn_sh2_4,1.0,-,Zn_sh2_3,1.0,-,SH2,1.0
289,ENERGY,2.5,-42.9,,General Qiang_Cui_data,+,Zn_sh2_3,1.0,-,Zn_sh2_2,1.0,-,SH2,1.0
290,ENERGY,2.5,-84.4,,General Qiang_Cui_data,+,Zn_sh2_2,1.0,-,Zn_sh2_1,1.0,-,SH2,1.0
291,ENERGY,2.5,-31.1,,General Qiang_Cui_data,+,Zn_shch3_4,1.0,-,Zn_shch3_3,1.0,-,SHCH3,1.0
292,ENERGY,2.5,-46.0,,General Qiang_Cui_data,+,Zn_shch3_3,1.0,-,Zn_shch3_2,1.0,-,SHCH3,1.0
293,ENERGY,2.5,-92.2,,General Qiang_Cui_data,+,Zn_shch3_2,1.0,-,Zn_shch3_1,1.0,-,SHCH3,1.0
294,ENERGY,2.5,-93.2,,General Qiang_Cui_data,+,Zn_sh2_2,1.0,-,zn_sh2_2_dep,1.0,-,Proton,1.0
295,ENERGY,2.5,-115.0,,General Qiang_Cui_data,+,Zn_sh2_3,1.0,-,zn_sh2_3_dep,1.0,-,Proton,1.0
296,ENERGY,2.5,-131.1,,General Qiang_Cui_data,+,Zn_sh2_4,1.0,-,zn_sh2_4_dep,1.0,-,Proton,1.0
297,ENERGY,2.5,-114.9,,General Qiang_Cui_data,+,Zn_shch3_2,1.0,-,zn_shch3_2_dep,1.0,-,Proton,1.0
298,ENERGY,2.5,-136.7,,General Qiang_Cui_data,+,Zn_shch3_3,1.0,-,zn_shch3_3_dep,1.0,-,Proton,1.0
299,ENERGY,2.5,-152.6,,General Qiang_Cui_data,+,Zn_shch3_4,1.0,-,zn_shch3_4_dep,1.0,-,Proton,1.0
300,ENERGY,1.0,-54.0,,General Qiang_Cui_data(Proton_affinity_Table11_DFTB3),+,Zn_h2o-1_P2,1.0,-,Zn_oh-1_P1,1.0,-,Proton,1.0
301,ENERGY,1.0,-91.4,,General Qiang_Cui_data(Proton_affinity_Table11_DFTB3),+,Zn_h2o-2_P2,1.0,-,zn_h2o-2-dep_P1,1.0,-,Proton,1.0
302,ENERGY,1.0,-120.1,,General Qiang_Cui_data(Proton_affinity_Table11_DFTB3),+,Zn_h2o-3_P2,1.0,-,zn_h2o-3-dep_P1,1.0,-,Proton,1.0
303,ENERGY,1.0,-140.2,,General Qiang_Cui_data(Proton_affinity_Table11_DFTB3),+,Zn_h2o-4_P2,1.0,-,zn_h2o-4-dep_P1,1.0,-,Proton,1.0
304,ENERGY,1.0,-76.1,,General Qiang_Cui_data(Proton_affinity_Table11_DFTB3),+,Zn_nh3-1_P2,1.0,-,Zn_nh2-1_P1,1.0,-,Proton,1.0
305,ENERGY,1.0,-116.6,,General Qiang_Cui_data(Proton_affinity_Table11_DFTB3),+,Zn_nh3-2_P2,1.0,-,zn_nh3-2-dep_P1,1.0,-,Proton,1.0
306,ENERGY,1.0,-144.4,,General Qiang_Cui_data(Proton_affinity_Table11_DFTB3),+,Zn_nh3-3_P2,1.0,-,zn_nh3-3-dep_P1,1.0,-,Proton,1.0
307,ENERGY,1.0,-169.7,,General Qiang_Cui_data(Proton_affinity_Table11_DFTB3),+,Zn_nh3-4_P2,1.0,-,zn_nh3-4-dep_P1,1.0,-,Proton,1.0
308,ENERGY,1.0,-86.3,,General Qiang_Cui_data(Proton_affinity_Table11_DFTB3),+,Zn_nhch2-1_P2,1.0,-,Zn_nch2-1_P1,1.0,-,Proton,1.0
309,ENERGY,1.0,-138.8,,General Qiang_Cui_data(Proton_affinity_Table11_DFTB3),+,Zn_nhch2-2_P2,1.0,-,zn_nhch2-2-dep_P1,1.0,-,Proton,1.0
310,ENERGY,1.0,-166.4,,General Qiang_Cui_data(Proton_affinity_Table11_DFTB3),+,Zn_nhch2-3_P2,1.0,-,zn_nhch2-3-dep_P1,1.0,-,Proton,1.0
311,ENERGY,1.0,-186.5,,General Qiang_Cui_data(Proton_affinity_Table11_DFTB3),+,Zn_nhch2-4_P2,1.0,-,zn_nhch2-4-dep_P1,1.0,-,Proton,1.0
312,ENERGY,1.0,-145.7,,General Qiang_Cui_data(Proton_affinity_Table14_DFTB3),+,zn_nh3-2_h2o-2_P2,1.0,-,zn_nh3-2_h2o-2_P1,1.0,-,Proton,1.0
313,ENERGY,1.0,-149.7,,General Qiang_Cui_data(Proton_affinity_Table14_DFTB3),+,zn_nh3-3_h2o-1_P2,1.0,-,zn_nh3-3_oh-1_P1,1.0,-,Proton,1.0
314,ENERGY,1.0,-142.7,,General Qiang_Cui_data(Proton_affinity_Table14_DFTB3),+,zn_nh3-1_h2o-3_P2,1.0,-,zn_nh3-1_h2o-3_P1,1.0,-,Proton,1.0
315,ENERGY,1.0,-173.7,,General Qiang_Cui_data(Proton_affinity_Table17_DFTB3),+,zn_im-2_h2o-2_P2,1.0,-,zn_im-2_h2o-2_P1,1.0,-,Proton,1.0
316,ENERGY,2.0,-189.0,,General Qiang_Cui_data(Proton_affinity_Table17_DFTB3),+,zn_im-3_h2o-1_P2,1.0,-,zn_im-3_oh-1_P1,1.0,-,Proton,1.0
317,ENERGY,1.0,-269.6,,General Qiang_Cui_data(Proton_affinity_Table17_DFTB3),+,zn_2im_h2o_ac_P1,1.0,-,zn_2im_h2o_ac,1.0,-,Proton,1.0
318,ENERGY,1.0,-185.8,,General Qiang_Cui_data(Proton_affinity_Table17_Depronated_imidazole_DFTB3),+,zn_im-2_P2,1.0,-,zn_im-2-dep_P1,1.0,-,Proton,1.0
319,ENERGY,1.0,-205.8,,General Qiang_Cui_data(Proton_affinity_Table17_Depronated_imidazole_DFTB3),+,zn_im-3_P2,1.0,-,zn_im-3-dep_P1,1.0,-,Proton,1.0
320,ENERGY,0.8,-193.6,,General Qiang_Cui_data(Proton_affinity_Table17_Depronated_imidazole_DFTB3),+,zn_im-1_h2o-3_P2,1.0,-,zn_im-1-dep_3h2o_P1,1.0,-,Proton,1.0
321,ENERGY,1.0,-203.2,,General Qiang_Cui_data(Proton_affinity_Table17_Depronated_imidazole_DFTB3),+,zn_im-2_h2o-2_P2,1.0,-,zn_im-2-dep_2h2o_P1,1.0,-,Proton,1.0
322,ENERGY,1.0,-255.7,,General Qiang_Cui_data(Proton_affinity_Table17_Depronated_imidazole_DFTB3),+,zn_im-2_ac_ach_P1,1.0,-,zn_im-2_ac_ach,1.0,-,Proton,1.0
323,ENERGY,1.0,-181.5,,General Qiang_Cui_data(Proton_affinity_Table17_Depronated_imidazole_DFTB3),+,zn_im-3_ach-1_P2,1.0,-,zn_im-3_ach-1_P1,1.0,-,Proton,1.0
324,ENERGY,1.0,-94.0,,General Qiang_Cui_data(Sequential_Bond_Diss_Table10_DFTB3),+,Zn_h2o-2_P2,1.0,-,Zn_h2o-1_P2,1.0,-,h2o,1.0
325,ENERGY,1.0,-54.2,,General Qiang_Cui_data(Sequential_Bond_Diss_Table10_DFTB3),+,Zn_h2o-3_P2,1.0,-,Zn_h2o-2_P2,1.0,-,h2o,1.0
326,ENERGY,1.0,-42.1,,General Qiang_Cui_data(Sequential_Bond_Diss_Table10_DFTB3),+,Zn_h2o-4_P2,1.0,-,Zn_h2o-3_P2,1.0,-,h2o,1.0
327,ENERGY,1.0,-23.6,,General Qiang_Cui_data(Sequential_Bond_Diss_Table10_DFTB3),+,Zn_h2o-5_P2,1.0,-,Zn_h2o-4_P2,1.0,-,h2o,1.0
328,ENERGY,1.0,-21.9,,General Qiang_Cui_data(Sequential_Bond_Diss_Table10_DFTB3),+,Zn_h2o-6_P2,1.0,-,Zn_h2o-5_P2,1.0,-,h2o,1.0
329,ENERGY,0.7,-104.0,,General Qiang_Cui_data(Sequential_Bond_Diss_Table10_DFTB3),+,Zn_nh3-2_P2,1.0,-,Zn_nh3-1_P2,1.0,-,NH3,1.0
330,ENERGY,1.0,-57.1,,General Qiang_Cui_data(Sequential_Bond_Diss_Table10_DFTB3),+,Zn_nh3-3_P2,1.0,-,Zn_nh3-2_P2,1.0,-,NH3,1.0
331,ENERGY,1.0,-46.6,,General Qiang_Cui_data(Sequential_Bond_Diss_Table10_DFTB3),+,Zn_nh3-4_P2,1.0,-,Zn_nh3-3_P2,1.0,-,NH3,1.0
332,ENERGY,0.6,-18.5,,General Qiang_Cui_data(Sequential_Bond_Diss_Table10_DFTB3),+,Zn_nh3-5_P2,1.0,-,Zn_nh3-4_P2,1.0,-,NH3,1.0
333,ENERGY,1.0,-17.2,,General Qiang_Cui_data(Sequential_Bond_Diss_Table10_DFTB3),+,Zn_nh3-6_P2,1.0,-,Zn_nh3-5_P2,1.0,-,NH3,1.0
334,ENERGY,1.0,-112.0,,General Qiang_Cui_data(Sequential_Bond_Diss_Table10_DFTB3),+,Zn_nhch2-2_P2,1.0,-,Zn_nhch2-1_P2,1.0,-,NHCH2,1.0
335,ENERGY,0.5,-58.6,,General Qiang_Cui_data(Sequential_Bond_Diss_Table10_DFTB3),+,Zn_nhch2-3_P2,1.0,-,Zn_nhch2-2_P2,1.0,-,NHCH2,1.0
336,ENERGY,1.0,-46.3,,General Qiang_Cui_data(Sequential_Bond_Diss_Table10_DFTB3),+,Zn_nhch2-4_P2,1.0,-,Zn_nhch2-3_P2,1.0,-,NHCH2,1.0
337,ENERGY,1.0,-250.4,,General Qiang_Cui_data(Sequential_Bond_Diss_Table10_DFTB3),+,Zn_oh-2,1.0,-,Zn_oh-1_P1,1.0,-,OH,1.0
338,ENERGY,1.0,-244.1,,General Qiang_Cui_data(Sequential_Bond_Diss_Table10_DFTB3),+,Zn_nh2-2,1.0,-,Zn_nh2-1_P1,1.0,-,NH2,1.0
339,ENERGY,1.0,-228.6,,General Qiang_Cui_data(Sequential_Bond_Diss_Table10_DFTB3),+,Zn_nch2-2,1.0,-,Zn_nch2-1_P1,1.0,-,NCH2,1.0
340,ENERGY,0.4,-26.6,,General Qiang_Cui_data(Bond_Diss_Table13_DFTB3),+,zn_nh3-4_h2o-1_P2,1.0,-,zn_nh3-3_h2o-1_P2,1.0,-,NH3,1.0
341,ENERGY,1.0,-19.0,,General Qiang_Cui_data(Bond_Diss_Table13_DFTB3),+,zn_nh3-4_h2o-1_P2,1.0,-,Zn_nh3-4_P2,1.0,-,h2o,1.0
342,ENERGY,0.6,-25.7,,General Qiang_Cui_data(Bond_Diss_Table13_DFTB3),+,zn_nh3-2_h2o-4_P2,1.0,-,zn_nh3-1_h2o-4_P2,1.0,-,NH3,1.0
343,ENERGY,1.0,-16.1,different configuration,General Qiang_Cui_data(Bond_Diss_Table13_DFTB3),+,zn_nh3-2_h2o-4_P2,1.0,-,zn_2nh3_3h2o_P2a,1.0,-,h2o,1.0
344,ENERGY,1.0,-16.1,different configuration,General Qiang_Cui_data(Bond_Diss_Table13_DFTB3),+,zn_nh3-2_h2o-4_P2,1.0,-,zn_2nh3_3h2o_P2b,1.0,-,h2o,1.0
345,ENERGY,0.4,-28.1,,General Qiang_Cui_data(Bond_Diss_Table13_DFTB3),+,zn_nh3_2h2o_sh_P1,1.0,-,zn_h2o-2_sh-1_P1,1.0,-,NH3,1.0
346,ENERGY,1.0,-21.2,,General Qiang_Cui_data(Bond_Diss_Table13_DFTB3),+,zn_nh3_2h2o_sh_P1,1.0,-,zn_nh3_h2o_sh_P1,1.0,-,h2o,1.0
347,ENERGY,1.0,-113.4,,General Qiang_Cui_data(Bond_Diss_Table16_DFTB3),+,zn_nch2ch3-2_P2,1.0,-,zn_nch2ch3-1_P2,1.0,-,nch2ch3,1.0
348,ENERGY,1.0,-58.0,,General Qiang_Cui_data(Bond_Diss_Table16_DFTB3),+,zn_nch2ch3-3_P2,1.0,-,zn_nch2ch3-2_P2,1.0,-,nch2ch3,1.0
349,ENERGY,0.7,-44.8,,General Qiang_Cui_data(Bond_Diss_Table16_DFTB3),+,zn_nch2ch3-4_P2,1.0,-,zn_nch2ch3-3_P2,1.0,-,nch2ch3,1.0
350,ENERGY,0.35,-134.1,,General Qiang_Cui_data(Bond_Diss_Table16_DFTB3),+,zn_im-2_P2,1.0,-,zn_im-1_P2,1.0,-,im,1.0
351,ENERGY,1.0,-65.8,,General Qiang_Cui_data(Bond_Diss_Table16_DFTB3),+,zn_im-3_P2,1.0,-,zn_im-2_P2,1.0,-,im,1.0
352,ENERGY,1.0,-72.0,,General Qiang_Cui_data(Bond_Diss_Table16_DFTB3),+,zn_im-1_shch3-3_P2,1.0,-,Zn_shch3-3_P2,1.0,-,im,1.0
353,ENERGY,0.3,-88.3,,General Qiang_Cui_data(Bond_Diss_Table16_DFTB3),+,zn_im-1_h2o-3_P2,1.0,-,Zn_h2o-3_P2,1.0,-,im,1.0
354,ENERGY,1.0,-22.5,,General Qiang_Cui_data(Bond_Diss_Table16_DFTB3),+,zn_im-3_h2o-1_P2,1.0,-,zn_im-3_P2,1.0,-,h2o,1.0
355,ENERGY,1.0,-33.6,,General Qiang_Cui_data(Bond_Diss_Table16_DFTB3),+,zn_im-1_h2o-3_P2,1.0,-,zn_im_h2o-2_P2a,1.0,-,h2o,1.0
356,ENERGY,1.0,-33.6,,General Qiang_Cui_data(Bond_Diss_Table16_DFTB3),+,zn_im-1_h2o-3_P2,1.0,-,zn_im_h2o-2_P2b,1.0,-,h2o,1.0
357,ENERGY,1.0,-26.6,,General Qiang_Cui_data(Bond_Diss_Table16_DFTB3),+,zn_im-2_h2o-2_P2,1.0,-,zn_im-2_h2o-1_P2,1.0,-,h2o,1.0
358,ENERGY,0.8,-76.2,,General Qiang_Cui_data(Bond_Diss_Table16_DFTB3),+,zn_im_h2o_2shch3_P2,1.0,-,zn_h2o_shch3-2_P2,1.0,-,im,1.0
359,ENERGY,1.0,-29.4,,General Qiang_Cui_data(Bond_Diss_Table16_DFTB3),+,zn_im_h2o_2shch3_P2,1.0,-,zn_im_shch3-2_P2,1.0,-,h2o,1.0
360,ENERGY,0.8,-42.6,,General ligand_exchange_Zn(H2O)3_Im_(LACV3P+**),+,Zn_2H2OIm_H2O_sep,1.0,-,Zn_3H2O_Im_sep,1.0,,,
361,ENERGY,0.9,47.3,,General ligand_exchange_Zn(H2O)3_Im_(LACV3P+**),+,Zn_3H2O_Im_sep,1.0,-,Zn_3H2O_Im,1.0,,,
362,ENERGY,0.08,-9.8,,General ligand_exchange_Zn(H2O)3_Im_(LACV3P+**),+,Zn_3H2O_ImII,1.0,-,Zn_3H2O_Im,1.0,,,
363,ENERGY,0.15,-17.8,,General ligand_exchange_Zn(H2O)3_Im_(LACV3P+**),+,Zn_2H2OIm_H2O,1.0,-,Zn_3H2O_Im,1.0,,,
364,ENERGY,0.8,4.7,,General ligand_exchange_Zn(H2O)3_Im_(LACV3P+**),+,Zn_2H2OIm_H2O_sep,1.0,-,Zn_3H2O_Im,1.0,,,
365,ENERGY,0.9,-42.6,,General ligand_exchange_Zn(H2O)3_Im_aqueous,+,Zn_2H2OIm_H2O_aq,1.0,-,Zn_3H2O_Im_aq_sep,1.0,,,
366,ENERGY,0.9,47.3,,General ligand_exchange_Zn(H2O)3_Im_aqueous,+,Zn_3H2O_Im_aq_sep,1.0,-,Zn_3H2O_Im_aq,1.0,,,
367,ENERGY,0.2,-12.8,,General ligand_exchange_Zn(H2O)3_Im_aqueous,+,Zn_3H2O_Im_aqII,1.0,-,Zn_3H2O_Im_aq,1.0,,,
368,ENERGY,0.6,-17.8,,General ligand_exchange_Zn(H2O)3_Im_aqueous,+,Zn_2H2OIm_H2O_aq,1.0,-,Zn_3H2O_Im_aq,1.0,,,
369,ENERGY,0.25,-4.95,,ZnN_condensed_phase,+,Zn3N2_cubic,16.0,-,N2,1.0,-,Zn_metal,0.666
370,ENERGY,0.25,-3.8,,ZnN_condensed_phase,+,Zn3N2_ortho,4.0,-,N2,1.0,-,Zn_metal,0.666
371,ENERGY,0.25,-3.34,,ZnN_condensed_phase,+,Zn3N2_hexa,4.0,-,N2,1.0,-,Zn_metal,0.666
372,ENERGY,0.25,-0.01,,ZnN_condensed_phase,+,Zn3N2_cubic_c1,16.0,-,Zn3N2_cubic_e1,16.0,,,
373,ENERGY,0.5,-0.01,,ZnN_condensed_phase,+,Zn3N2_cubic,16.0,-,Zn3N2_cubic_DFT,16.0,,,
374,ENERGY,0.5,-0.01,,ZnN_condensed_phase,+,Zn3N2_ortho,4.0,-,Zn3N2_ortho_DFT,4.0,,,
375,ENERGY,0.5,-0.01,,ZnN_condensed_phase,+,Zn3N2_hexa,4.0,-,Zn3N2_hexa_DFT,4.0,,,
376,ENERGY,1.0,-100.0,,ZnN_condensed_phase,+,Zn3N2_cubic,16.0,-,Zn3N2_cubic_lowd,16.0,,,
377,ENERGY,0.05,-1.05,,ZnN_condensed_phase,+,Zn3N2_cubic,16.0,-,Zn3N2_ortho,4.0,,,
378,ENERGY,0.05,-1.61,,ZnN_condensed_phase,+,Zn3N2_cubic,16.0,-,Zn3N2_hexa,4.0,,,
379,ENERGY,1.0,31.5221,,Volume Bulk_EOS,-,bulk_0,1.0,+,bulk_c5,1.0,,,
380,ENERGY,1.0,20.1503,,Volume Bulk_EOS,-,bulk_0,1.0,+,bulk_c4,1.0,,,
381,ENERGY,1.0,11.3189,,Volume Bulk_EOS,-,bulk_0,1.0,+,bulk_c3,1.0,,,
382,ENERGY,1.0,5.0227,,Volume Bulk_EOS,-,bulk_0,1.0,+,bulk_c2,1.0,,,
383,ENERGY,1.0,1.2535,,Volume Bulk_EOS,-,bulk_0,1.0,+,bulk_c1,1.0,,,
384,ENERGY,1.0,0.0001,,Volume Bulk_EOS,-,bulk_0,1.0,+,bulk_0,1.0,,,
385,ENERGY,1.0,1.2485,,Volume Bulk_EOS,-,bulk_0,1.0,+,bulk_e1,1.0,,,
386,ENERGY,1.0,4.9828,,Volume Bulk_EOS,-,bulk_0,1.0,+,bulk_e2,1.0,,,
387,ENERGY,1.0,11.1846,,Volume Bulk_EOS,-,bulk_0,1.0,+,bulk_e3,1.0,,,
388,ENERGY,1.0,19.8334,,Volume Bulk_EOS,-,bulk_0,1.0,+,bulk_e4,1.0,,,
389,ENERGY,1.0,30.907,,Volume Bulk_EOS,-,bulk_0,1.0,+,bulk_e5,1.0,,,
390,ENERGY,1.0,11.5201,,Volume C11_EOS,-,c11_0,1.0,+,c11_c6,1.0,,,
391,ENERGY,1.0,8.0001,,Volume C11_EOS,-,c11_0,1.0,+,c11_c5,1.0,,,
392,ENERGY,1.0,5.12,,Volume C11_EOS,-,c11_0,1.0,+,c11_c4,1.0,,,
393,ENERGY,1.0,2.88,,Volume C11_EOS,-,c11_0,1.0,+,c11_c3,1.0,,,
394,ENERGY,1.0,1.28,,Volume C11_EOS,-,c11_0,1.0,+,c11_c2,1.0,,,
395,ENERGY,1.0,0.32,,Volume C11_EOS,-,c11_0,1.0,+,c11_c1,1.0,,,
396,ENERGY,1.0,0.0001,,Volume C11_EOS,-,c11_0,1.0,+,c11_0,1.0,,,
397,ENERGY,1.0,0.32,,Volume C11_EOS,-,c11_0,1.0,+,c11_e1,1.0,,,
398,ENERGY,1.0,1.28,,Volume C11_EOS,-,c11_0,1.0,+,c11_e2,1.0,,,
399,ENERGY,1.0,2.88,,Volume C11_EOS,-,c11_0,1.0,+,c11_e3,1.0,,,
400,ENERGY,1.0,5.12,,Volume C11_EOS,-,c11_0,1.0,+,c11_e4,1.0,,,
401,ENERGY,1.0,8.0001,,Volume C11_EOS,-,c11_0,1.0,+,c11_e5,1.0,,,
402,ENERGY,1.0,11.5201,,Volume C11_EOS,-,c11_0,1.0,+,c11_e6,1.0,,,
403,ENERGY,1.0,11.5201,,Volume C22_EOS,-,c22_0,1.0,+,c22_c6,1.0,,,
404,ENERGY,1.0,8.0001,,Volume C22_EOS,-,c22_0,1.0,+,c22_c5,1.0,,,
405,ENERGY,1.0,5.12,,Volume C22_EOS,-,c22_0,1.0,+,c22_c4,1.0,,,
406,ENERGY,1.0,2.88,,Volume C22_EOS,-,c22_0,1.0,+,c22_c3,1.0,,,
407,ENERGY,1.0,1.28,,Volume C22_EOS,-,c22_0,1.0,+,c22_c2,1.0,,,
408,ENERGY,1.0,0.32,,Volume C22_EOS,-,c22_0,1.0,+,c22_c1,1.0,,,
409,ENERGY,1.0,0.0001,,Volume C22_EOS,-,c22_0,1.0,+,c22_0,1.0,,,
410,ENERGY,1.0,0.32,,Volume C22_EOS,-,c22_0,1.0,+,c22_e1,1.0,,,
411,ENERGY,1.0,1.28,,Volume C22_EOS,-,c22_0,1.0,+,c22_e2,1.0,,,
412,ENERGY,1.0,2.88,,Volume C22_EOS,-,c22_0,1.0,+,c22_e3,1.0,,,
413,ENERGY,1.0,5.12,,Volume C22_EOS,-,c22_0,1.0,+,c22_e4,1.0,,,
414,ENERGY,1.0,8.0001,,Volume C22_EOS,-,c22_0,1.0,+,c22_e5,1.0,,,
415,ENERGY,1.0,11.5201,,Volume C22_EOS,-,c22_0,1.0,+,c22_e6,1.0,,,
416,ENERGY,1.0,11.5201,,Volume C33_EOS,-,c33_0,1.0,+,c33_c6,1.0,,,
417,ENERGY,1.0,8.0001,,Volume C33_EOS,-,c33_0,1.0,+,c33_c5,1.0,,,
418,ENERGY,1.0,5.12,,Volume C33_EOS,-,c33_0,1.0,+,c33_c4,1.0,,,
419,ENERGY,1.0,2.88,,Volume C33_EOS,-,c33_0,1.0,+,c33_c3,1.0,,,
420,ENERGY,1.0,1.28,,Volume C33_EOS,-,c33_0,1.0,+,c33_c2,1.0,,,
421,ENERGY,1.0,0.32,,Volume C33_EOS,-,c33_0,1.0,+,c33_c1,1.0,,,
422,ENERGY,1.0,0.0001,,Volume C33_EOS,-,c33_0,1.0,+,c33_0,1.0,,,
423,ENERGY,1.0,0.32,,Volume C33_EOS,-,c33_0,1.0,+,c33_e1,1.0,,,
424,ENERGY,1.0,1.28,,Volume C33_EOS,-,c33_0,1.0,+,c33_e2,1.0,,,
425,ENERGY,1.0,2.88,,Volume C33_EOS,-,c33_0,1.0,+,c33_e3,1.0,,,
426,ENERGY,1.0,5.12,,Volume C33_EOS,-,c33_0,1.0,+,c33_e4,1.0,,,
427,ENERGY,1.0,8.0001,,Volume C33_EOS,-,c33_0,1.0,+,c33_e5,1.0,,,
428,ENERGY,1.0,11.5201,,Volume C33_EOS,-,c33_0,1.0,+,c33_e6,1.0,,,
429,ENERGY,1.0,11.1023,,Volume C12_EOS,-,c12_0,1.0,+,c12_c6,1.0,,,
430,ENERGY,1.0,7.7099,,Volume C12_EOS,-,c12_0,1.0,+,c12_c5,1.0,,,
431,ENERGY,1.0,4.9343,,Volume C12_EOS,-,c12_0,1.0,+,c12_c4,1.0,,,
432,ENERGY,1.0,2.7756,,Volume C12_EOS,-,c12_0,1.0,+,c12_c3,1.0,,,
433,ENERGY,1.0,1.2336,,Volume C12_EOS,-,c12_0,1.0,+,c12_c2,1.0,,,
434,ENERGY,1.0,0.3084,,Volume C12_EOS,-,c12_0,1.0,+,c12_c1,1.0,,,
435,ENERGY,1.0,0.0001,,Volume C12_EOS,-,c12_0,1.0,+,c12_0,1.0,,,
436,ENERGY,1.0,0.3084,,Volume C12_EOS,-,c12_0,1.0,+,c12_e1,1.0,,,
437,ENERGY,1.0,1.2336,,Volume C12_EOS,-,c12_0,1.0,+,c12_e2,1.0,,,
438,ENERGY,1.0,2.7756,,Volume C12_EOS,-,c12_0,1.0,+,c12_e3,1.0,,,
439,ENERGY,1.0,4.9343,,Volume C12_EOS,-,c12_0,1.0,+,c12_e4,1.0,,,
440,ENERGY,1.0,7.7099,,Volume C12_EOS,-,c12_0,1.0,+,c12_e5,1.0,,,
441,ENERGY,1.0,11.1023,,Volume C12_EOS,-,c12_0,1.0,+,c12_e6,1.0,,,
442,ENERGY,1.0,11.1023,,Volume C13_EOS,-,c13_0,1.0,+,c13_c6,1.0,,,
443,ENERGY,1.0,7.7099,,Volume C13_EOS,-,c13_0,1.0,+,c13_c5,1.0,,,
444,ENERGY,1.0,4.9343,,Volume C13_EOS,-,c13_0,1.0,+,c13_c4,1.0,,,
445,ENERGY,1.0,2.7756,,Volume C13_EOS,-,c13_0,1.0,+,c13_c3,1.0,,,
446,ENERGY,1.0,1.2336,,Volume C13_EOS,-,c13_0,1.0,+,c13_c2,1.0,,,
447,ENERGY,1.0,0.3084,,Volume C13_EOS,-,c13_0,1.0,+,c13_c1,1.0,,,
448,ENERGY,1.0,0.0001,,Volume C13_EOS,-,c13_0,1.0,+,c13_0,1.0,,,
449,ENERGY,1.0,0.3084,,Volume C13_EOS,-,c13_0,1.0,+,c13_e1,1.0,,,
450,ENERGY,1.0,1.2336,,Volume C13_EOS,-,c13_0,1.0,+,c13_e2,1.0,,,
451,ENERGY,1.0,2.7756,,Volume C13_EOS,-,c13_0,1.0,+,c13_e3,1.0,,,
452,ENERGY,1.0,4.9343,,Volume C13_EOS,-,c13_0,1.0,+,c13_e4,1.0,,,
453,ENERGY,1.0,7.7099,,Volume C13_EOS,-,c13_0,1.0,+,c13_e5,1.0,,,
454,ENERGY,1.0,11.1023,,Volume C13_EOS,-,c13_0,1.0,+,c13_e6,1.0,,,
455,ENERGY,1.0,11.1023,,Volume C23_EOS,-,c23_0,1.0,+,c23_c6,1.0,,,
456,ENERGY,1.0,7.7099,,Volume C23_EOS,-,c23_0,1.0,+,c23_c5,1.0,,,
457,ENERGY,1.0,4.9343,,Volume C23_EOS,-,c23_0,1.0,+,c23_c4,1.0,,,
458,ENERGY,1.0,2.7756,,Volume C23_EOS,-,c23_0,1.0,+,c23_c3,1.0,,,
459,ENERGY,1.0,1.2336,,Volume C23_EOS,-,c23_0,1.0,+,c23_c2,1.0,,,
460,ENERGY,1.0,0.3084,,Volume C23_EOS,-,c23_0,1.0,+,c23_c1,1.0,,,
461,ENERGY,1.0,0.0001,,Volume C23_EOS,-,c23_0,1.0,+,c23_0,1.0,,,
462,ENERGY,1.0,0.3084,,Volume C23_EOS,-,c23_0,1.0,+,c23_e1,1.0,,,
463,ENERGY,1.0,1.2336,,Volume C23_EOS,-,c23_0,1.0,+,c23_e2,1.0,,,
464,ENERGY,1.0,2.7756,,Volume C23_EOS,-,c23_0,1.0,+,c23_e3,1.0,,,
465,ENERGY,1.0,4.9343,,Volume C23_EOS,-,c23_0,1.0,+,c23_e4,1.0,,,
466,ENERGY,1.0,7.7099,,Volume C23_EOS,-,c23_0,1.0,+,c23_e5,1.0,,,
467,ENERGY,1.0,11.1023,,Volume C23_EOS,-,c23_0,1.0,+,c23_e6,1.0,,,
468,ENERGY,1.0,15.0418,,Volume C44_EOS,-,c44_0,1.0,+,c44_c6,1.0,,,
469,ENERGY,1.0,10.4457,,Volume C44_EOS,-,c44_0,1.0,+,c44_c5,1.0,,,
470,ENERGY,1.0,6.6852,,Volume C44_EOS,-,c44_0,1.0,+,c44_c4,1.0,,,
471,ENERGY,1.0,3.7604,,Volume C44_EOS,-,c44_0,1.0,+,c44_c3,1.0,,,
472,ENERGY,1.0,1.6713,,Volume C44_EOS,-,c44_0,1.0,+,c44_c2,1.0,,,
473,ENERGY,1.0,0.4178,,Volume C44_EOS,-,c44_0,1.0,+,c44_c1,1.0,,,
474,ENERGY,1.0,0.0001,,Volume C44_EOS,-,c44_0,1.0,+,c44_0,1.0,,,
475,ENERGY,1.0,0.4178,,Volume C44_EOS,-,c44_0,1.0,+,c44_e1,1.0,,,
476,ENERGY,1.0,1.6713,,Volume C44_EOS,-,c44_0,1.0,+,c44_e2,1.0,,,
477,ENERGY,1.0,3.7604,,Volume C44_EOS,-,c44_0,1.0,+,c44_e3,1.0,,,
478,ENERGY,1.0,6.6852,,Volume C44_EOS,-,c44_0,1.0,+,c44_e4,1.0,,,
479,ENERGY,1.0,10.4457,,Volume C44_EOS,-,c44_0,1.0,+,c44_e5,1.0,,,
480,ENERGY,1.0,15.0418,,Volume C44_EOS,-,c44_0,1.0,+,c44_e6,1.0,,,
481,ENERGY,1.0,15.0418,,Volume C55_EOS,-,c55_0,1.0,+,c55_c6,1.0,,,
482,ENERGY,1.0,10.4457,,Volume C55_EOS,-,c55_0,1.0,+,c55_c5,1.0,,,
483,ENERGY,1.0,6.6852,,Volume C55_EOS,-,c55_0,1.0,+,c55_c4,1.0,,,
484,ENERGY,1.0,3.7604,,Volume C55_EOS,-,c55_0,1.0,+,c55_c3,1.0,,,
485,ENERGY,1.0,1.6713,,Volume C55_EOS,-,c55_0,1.0,+,c55_c2,1.0,,,
486,ENERGY,1.0,0.4178,,Volume C55_EOS,-,c55_0,1.0,+,c55_c1,1.0,,,
487,ENERGY,1.0,0.0001,,Volume C55_EOS,-,c55_0,1.0,+,c55_0,1.0,,,
488,ENERGY,1.0,0.4178,,Volume C55_EOS,-,c55_0,1.0,+,c55_e1,1.0,,,
489,ENERGY,1.0,1.6713,,Volume C55_EOS,-,c55_0,1.0,+,c55_e2,1.0,,,
490,ENERGY,1.0,3.7604,,Volume C55_EOS,-,c55_0,1.0,+,c55_e3,1.0,,,
491,ENERGY,1.0,6.6852,,Volume C55_EOS,-,c55_0,1.0,+,c55_e4,1.0,,,
492,ENERGY,1.0,10.4457,,Volume C55_EOS,-,c55_0,1.0,+,c55_e5,1.0,,,
493,ENERGY,1.0,15.0418,,Volume C55_EOS,-,c55_0,1.0,+,c55_e6,1.0,,,
494,ENERGY,1.0,15.0418,,Volume C66_EOS,-,c66_0,1.0,+,c66_c6,1.0,,,
495,ENERGY,1.0,10.4457,,Volume C66_EOS,-,c66_0,1.0,+,c66_c5,1.0,,,
496,ENERGY,1.0,6.6852,,Volume C66_EOS,-,c66_0,1.0,+,c66_c4,1.0,,,
497,ENERGY,1.0,3.7604,,Volume C66_EOS,-,c66_0,1.0,+,c66_c3,1.0,,,
498,ENERGY,1.0,1.6713,,Volume C66_EOS,-,c66_0,1.0,+,c66_c2,1.0,,,
499,ENERGY,1.0,0.4178,,Volume C66_EOS,-,c66_0,1.0,+,c66_c1,1.0,,,
500,ENERGY,1.0,0.0001,,Volume C66_EOS,-,c66_0,1.0,+,c66_0,1.0,,,
501,ENERGY,1.0,0.4178,,Volume C66_EOS,-,c66_0,1.0,+,c66_e1,1.0,,,
502,ENERGY,1.0,1.6713,,Volume C66_EOS,-,c66_0,1.0,+,c66_e2,1.0,,,
503,ENERGY,1.0,3.7604,,Volume C66_EOS,-,c66_0,1.0,+,c66_e3,1.0,,,
504,ENERGY,1.0,6.6852,,Volume C66_EOS,-,c66_0,1.0,+,c66_e4,1.0,,,
505,ENERGY,1.0,10.4457,,Volume C66_EOS,-,c66_0,1.0,+,c66_e5,1.0,,,
506,ENERGY,1.0,15.0418,,Volume C66_EOS,-,c66_0,1.0,+,c66_e6,1.0,,,
507,ENERGY,0.5,6.9,,Restraint NH3_dimer,+,NH3_NH3_1_4,1.0,-,NH3_NH3_diss,1.0,,,
508,ENERGY,0.1,0.9,,Restraint NH3_dimer,+,NH3_NH3_1_6,1.0,-,NH3_NH3_diss,1.0,,,
509,ENERGY,0.1,-1.6,,Restraint NH3_dimer,+,NH3_NH3_1_8,1.0,-,NH3_NH3_diss,1.0,,,
510,ENERGY,0.1,-3.4,,Restraint NH3_dimer,+,NH3_NH3_2_0,1.0,-,NH3_NH3_diss,1.0,,,
511,ENERGY,0.1,-4.1,,Restraint NH3_dimer,+,NH3_NH3_2_2,1.0,-,NH3_NH3_diss,1.0,,,
512,ENERGY,0.1,-3.9,,Restraint NH3_dimer,+,NH3_NH3_2_4,1.0,-,NH3_NH3_diss,1.0,,,
513,ENERGY,0.1,-3.3,,Restraint NH3_dimer,+,NH3_NH3_2_6,1.0,-,NH3_NH3_diss,1.0,,,
514,ENERGY,0.1,-2.2,,Restraint NH3_dimer,+,NH3_NH3_3_0,1.0,-,NH3_NH3_diss,1.0,,,
515,ENERGY,1.0,3.9,,Restraint NH3_OH2_dimer,+,NH3_H2O_1_2,1.0,-,NH3_H2O_diss,1.0,,,
516,ENERGY,1.2,-2.0,,Restraint NH3_OH2_dimer,+,NH3_H2O_1_4,1.0,-,NH3_H2O_diss,1.0,,,
517,ENERGY,1.2,-4.6,,Restraint NH3_OH2_dimer,+,NH3_H2O_1_6,1.0,-,NH3_H2O_diss,1.0,,,
518,ENERGY,1.2,-6.4,,Restraint NH3_OH2_dimer,+,NH3_H2O_1_8,1.0,-,NH3_H2O_diss,1.0,,,
519,ENERGY,0.1,-7.1,,Restraint NH3_OH2_dimer,+,NH3_H2O_2_0,1.0,-,NH3_H2O_diss,1.0,,,
520,ENERGY,0.1,-6.9,,Restraint NH3_OH2_dimer,+,NH3_H2O_2_2,1.0,-,NH3_H2O_diss,1.0,,,
521,ENERGY,1.2,-6.3,,Restraint NH3_OH2_dimer,+,NH3_H2O_2_4,1.0,-,NH3_H2O_diss,1.0,,,
522,ENERGY,1.2,-5.2,,Restraint NH3_OH2_dimer,+,NH3_H2O_2_5,1.0,-,NH3_H2O_diss,1.0,,,
523,ENERGY,2.5,-10.0,,Restraint NH3_OH2_dimer2,+,NH3_H2O_2_0,1.0,-,NH3_H2O_1_2,1.0,,,
524,ENERGY,0.1,-5.1,,Restraint NH3_OH2_dimer2,+,NH3_H2O_2_0,1.0,-,NH3_H2O_1_4,1.0,,,
525,ENERGY,0.1,-2.5,,Restraint NH3_OH2_dimer2,+,NH3_H2O_2_0,1.0,-,NH3_H2O_1_6,1.0,,,
526,ENERGY,0.1,-0.7,,Restraint NH3_OH2_dimer2,+,NH3_H2O_2_0,1.0,-,NH3_H2O_1_8,1.0,,,
527,ENERGY,0.1,-0.2,,Restraint NH3_OH2_dimer2,+,NH3_H2O_2_0,1.0,-,NH3_H2O_2_2,1.0,,,
528,ENERGY,0.1,-0.8,,Restraint NH3_OH2_dimer2,+,NH3_H2O_2_0,1.0,-,NH3_H2O_2_4,1.0,,,
529,ENERGY,0.1,-1.5,,Restraint NH3_OH2_dimer2,+,NH3_H2O_2_0,1.0,-,NH3_H2O_2_5,1.0,,,
530,ENERGY,2.5,12.0,,Restraint H2O_NH3_dimer,+,H2O_NH3_1_3,1.0,-,H2O_NH3_diss,1.0,,,
531,ENERGY,1.5,1.0,,Restraint H2O_NH3_dimer,+,H2O_NH3_1_5,1.0,-,H2O_NH3_diss,1.0,,,
532,ENERGY,0.5,-4.3,,Restraint H2O_NH3_dimer,+,H2O_NH3_1_7,1.0,-,H2O_NH3_diss,1.0,,,
533,ENERGY,0.5,-5.5,,Restraint H2O_NH3_dimer,+,H2O_NH3_1_9,1.0,-,H2O_NH3_diss,1.0,,,
534,ENERGY,0.5,-4.8,,Restraint H2O_NH3_dimer,+,H2O_NH3_2_1,1.0,-,H2O_NH3_diss,1.0,,,
535,ENERGY,0.5,-3.3,,Restraint H2O_NH3_dimer,+,H2O_NH3_2_3,1.0,-,H2O_NH3_diss,1.0,,,
536,ENERGY,0.5,-2.5,,Restraint H2O_NH3_dimer,+,H2O_NH3_2_5,1.0,-,H2O_NH3_diss,1.0,,,
537,ENERGY,0.5,-2.1,,Restraint H2O_NH3_dimer,+,H2O_NH3_2_7,1.0,-,H2O_NH3_diss,1.0,,,
538,ENERGY,0.5,-1.9,,Restraint H2O_NH3_dimer,+,H2O_NH3_3_0,1.0,-,H2O_NH3_diss,1.0,,,
539,ENERGY,50.0,-257.8,,HN bond dissociation,+,nh3_min,1.0,-,nh1,1.0,,,
540,ENERGY,20.0,-111.3,,HN bond dissociation,+,nh3_min,1.0,-,nh2,1.0,,,
541,ENERGY,2.0,-40.0,,HN bond dissociation,+,nh3_min,1.0,-,nh3,1.0,,,
542,ENERGY,0.1,-9.1,,HN bond dissociation,+,nh3_min,1.0,-,nh4,1.0,,,
543,ENERGY,0.1,-0.2,,HN bond dissociation,+,nh3_min,1.0,-,nh5,1.0,,,
544,ENERGY,0.025,-0.01,,HN bond dissociation,+,nh3_min,1.0,-,nh3_1_04,1.0,,,
545,ENERGY,0.1,-2.8,,HN bond dissociation,+,nh3_min,1.0,-,nh6,1.0,,,
546,ENERGY,1.0,-11.5,,HN bond dissociation,+,nh3_min,1.0,-,nh7,1.0,,,
547,ENERGY,2.0,-23.1,,HN bond dissociation,+,nh3_min,1.0,-,nh8,1.0,,,
548,ENERGY,5.0,-35.8,,HN bond dissociation,+,nh3_min,1.0,-,nh9,1.0,,,
549,ENERGY,7.5,-48.5,,HN bond dissociation,+,nh3_min,1.0,-,nh10,1.0,,,
550,ENERGY,10.0,-60.8,,HN bond dissociation,+,nh3_min,1.0,-,nh11,1.0,,,
551,ENERGY,10.0,-83.0,,HN bond dissociation,+,nh3_min,1.0,-,nh12,1.0,,,
552,ENERGY,25.0,-101.5,,HN bond dissociation,+,nh3_min,1.0,-,nh13,1.0,,,
553,ENERGY,25.0,-115.8,,HN bond dissociation,+,nh3_min,1.0,-,nh14,1.0,,,
554,ENERGY,25.0,-113.0,,HN bond dissociation,+,nh3_min,1.0,-,nh15,1.0,,,
555,ENERGY,2.0,-15.2,,Restraint H-NH-H angle,+,a1206,1.0,-,a1201,1.0,,,
556,ENERGY,0.25,-3.3,,Restraint H-NH-H angle,+,a1206,1.0,-,a1202,1.0,,,
557,ENERGY,0.1,-0.7,,Restraint H-NH-H angle,+,a1206,1.0,-,a1203,1.0,,,
558,ENERGY,0.1,-0.1,,Restraint H-NH-H angle,+,a1206,1.0,-,a1204,1.0,,,
559,ENERGY,0.1,-0.01,,Restraint H-NH-H angle,+,a1206,1.0,-,a1205,1.0,,,
560,ENERGY,0.1,-0.01,,Restraint H-NH-H angle,+,a1206,1.0,-,a1207,1.0,,,
561,ENERGY,0.1,-0.1,,Restraint H-NH-H angle,+,a1206,1.0,-,a1208,1.0,,,
562,ENERGY,0.1,-0.6,,Restraint H-NH-H angle,+,a1206,1.0,-,a1209,1.0,,,
563,ENERGY,0.25,-2.7,,Restraint H-NH-H angle,+,a1206,1.0,-,a1210,1.0,,,
564,ENERGY,2.0,-9.8,,Restraint H-NH-H angle,+,a1206,1.0,-,a1211,1.0,,,
565,ENERGY,2.0,-18.2,,Restraint H-NH-OH angle,+,a1306,1.0,-,a1301,1.0,,,
566,ENERGY,1.0,-4.3,,Restraint H-NH-OH angle,+,a1306,1.0,-,a1302,1.0,,,
567,ENERGY,1.0,-0.9,,Restraint H-NH-OH angle,+,a1306,1.0,-,a1303,1.0,,,
568,ENERGY,0.5,-0.2,,Restraint H-NH-OH angle,+,a1306,1.0,-,a1304,1.0,,,
569,ENERGY,0.2,-0.01,,Restraint H-NH-OH angle,+,a1306,1.0,-,a1305,1.0,,,
570,ENERGY,0.2,-0.01,,Restraint H-NH-OH angle,+,a1306,1.0,-,a1307,1.0,,,
571,ENERGY,0.5,-0.2,,Restraint H-NH-OH angle,+,a1306,1.0,-,a1308,1.0,,,
572,ENERGY,1.0,-0.9,,Restraint H-NH-OH angle,+,a1306,1.0,-,a1309,1.0,,,
573,ENERGY,1.0,-4.1,,Restraint H-NH-OH angle,+,a1306,1.0,-,a1310,1.0,,,
574,ENERGY,2.0,-16.1,,Restraint H-NH-OH angle,+,a1306,1.0,-,a1311,1.0,,,
575,ENERGY,0.5,-113.0,,,+,nh3_min,1.0,-,h2n_frag,1.0,-,H1,1.0
